region_id	region_name	region_name_in_data	region_ent_type	total	sinhalese	sri_lanka_tamil	indian_tamil_or_malaiyaga_thamilar	sri_lanka_moor_or_muslim	burgher	malay	sri_lanka_chetty	bharatha	veddhas	other
LK	Sri Lanka	Sri Lanka	country	21781800	16144037	2681627	600360	2283246	31721	26650	2443	1183	1373	9160
LK-11	Colombo	Colombo District	district	2375415	1807945	243856	15427	285346	10643	8249	239	560	14	3136
LK-1103	Colombo	Colombo	dsd	292089	64504	96647	4478	122247	1401	1752	44	344	0	672
LK-1106	Kolonnawa	Kolonnawa	dsd	214070	127854	18285	665	64699	863	1543	9	11	2	139
LK-1109	Kaduwela	Kaduwela	dsd	277918	267158	5248	332	2628	1176	1042	25	49	9	251
LK-1112	Homagama	Homagama	dsd	280771	275057	3042	314	1162	528	534	10	12	1	111
LK-1115	Seethawaka	Seethawaka	dsd	122128	106192	11307	3664	832	80	33	1	3	1	15
LK-1118	Padukka	Padukka	dsd	73014	69884	1508	331	1182	47	43	1	3	1	14
LK-1121	Maharagama	Maharagama	dsd	196500	188590	3762	436	1755	1100	726	13	21	0	97
LK-1124	Sri Jayawardanapura Kotte	Sri Jayawardanapura Kotte	dsd	96189	81556	6689	495	6012	753	356	19	23	0	286
LK-1127	Thimbirigasyaya	Thimbirigasyaya	dsd	217118	110336	62757	2227	38506	1508	919	47	45	0	773
LK-1130	Dehiwala	Dehiwala	dsd	93815	47752	15859	1019	27538	900	313	29	28	0	377
LK-1131	Ratmalana	Ratmalana	dsd	88063	64024	9006	801	13283	523	273	12	11	0	130
LK-1133	Moratuwa	Moratuwa	dsd	160199	149858	5846	329	3430	443	205	20	2	0	66
LK-1136	Kesbewa	Kesbewa	dsd	263541	255180	3900	336	2072	1321	510	9	8	0	205
LK-12	Gampaha	Gampaha District	district	2436142	2188512	97925	6575	123220	7030	9488	1923	346	12	1111
LK-1203	Negombo	Negombo	dsd	137952	101250	11800	839	23229	431	142	52	40	0	169
LK-1206	Katana	Katana	dsd	241219	218375	13314	1134	5329	473	786	1643	24	0	141
LK-1209	Divulapitiya	Divulapitiya	dsd	156957	155173	1266	142	120	139	26	4	8	0	79
LK-1212	Mirigama	Mirigama	dsd	176747	166648	995	107	8617	81	58	1	136	0	104
LK-1215	Minuwangoda	Minuwangoda	dsd	198774	190169	1169	191	6810	218	170	4	9	0	34
LK-1218	Wattala	Wattala	dsd	182505	124365	40992	1734	12886	1468	772	70	37	0	181
LK-1221	Ja-Ela	- - Ja-Ela	dsd	204806	191159	8687	666	929	2182	983	77	32	2	89
LK-1224	Gampaha	Gampaha	dsd	205610	203639	1105	149	237	287	149	4	4	0	36
LK-1227	Attanagalla	Attanagalla	dsd	197725	167492	1459	279	27649	191	589	17	0	9	40
LK-1230	Dompe	Dompe	dsd	169877	166320	800	85	2482	95	70	3	1	0	21
LK-1233	Mahara	Mahara	dsd	223060	209413	2587	290	6838	555	3307	7	4	1	58
LK-1236	Kelaniya	Kelaniya	dsd	133755	107650	10569	579	12274	586	1904	39	43	0	111
LK-1239	Biyagama	Biyagama	dsd	207155	186859	3182	380	15820	324	532	2	8	0	48
LK-13	Kalutara	Kalutara District	district	1305784	1119109	41361	7198	136412	840	476	24	51	0	313
LK-1303	Panadura	Panadura	dsd	187475	153752	1263	158	31812	187	217	3	8	0	75
LK-1306	Bandaragama	Bandaragama	dsd	124133	108346	492	107	14963	125	81	1	2	0	16
LK-1309	Horana	Horana	dsd	133685	130812	2141	355	128	157	48	2	9	0	33
LK-1310	Ingiriya	Ingiriya	dsd	58361	52187	5773	316	31	3	11	0	14	0	26
LK-1312	Bulathsinhala	Bulathsinhala	dsd	65550	55309	5513	2286	2433	6	0	1	1	0	1
LK-1315	Madurawala	Madurawala	dsd	36723	33633	2726	332	19	5	7	0	0	0	1
LK-1318	Millaniya	Millaniya	dsd	56166	54429	1349	240	53	39	10	3	9	0	34
LK-1321	Kalutara	Kalutara	dsd	166624	149878	1984	243	14256	176	41	0	0	0	46
LK-1324	Beruwala	Beruwala	dsd	180820	109955	1940	277	68477	69	38	6	2	0	56
LK-1327	Dodangoda	Dodangoda	dsd	67089	59928	6323	772	46	10	2	0	2	0	6
LK-1330	Mathugama	Mathugama	dsd	86065	75045	6621	871	3447	43	16	4	2	0	16
LK-1333	Agalawatta	Agalawatta	dsd	36589	35609	865	25	81	6	1	0	1	0	1
LK-1336	Palindanuwara	Palindanuwara	dsd	51171	46704	3492	325	632	12	3	2	1	0	0
LK-1339	Walallavita	Walallavita	dsd	55333	53522	879	891	34	2	1	2	0	0	2
LK-21	Kandy	Kandy District	district	1461895	1077312	122772	38311	219905	1891	1001	22	29	0	652
LK-2103	Thumpane	Thumpane	dsd	38776	35415	291	67	2948	15	27	1	2	0	10
LK-2106	Pujapitiya	Pujapitiya	dsd	60316	47992	1154	509	10609	44	2	0	0	0	6
LK-2109	Akurana	Akurana	dsd	71010	19426	3775	187	47595	17	0	0	0	0	10
LK-2112	Pathadumbara	Pathadumbara	dsd	93476	67351	2407	475	23052	94	75	3	2	0	17
LK-2115	Panvila	Panvila	dsd	25650	9764	8956	5909	959	21	31	1	0	0	9
LK-2118	Udadumbara	Udadumbara	dsd	23046	21134	1040	740	127	0	0	0	0	0	5
LK-2121	Minipe	Minipe	dsd	55342	55043	41	11	240	5	0	0	1	0	1
LK-2124	Medadumbara	Medadumbara	dsd	64539	48077	10616	939	4835	29	8	1	1	0	33
LK-2127	Kundasale	Kundasale	dsd	144383	117094	16109	2138	8632	245	105	3	4	0	53
LK-2130	Kandy Four Gravets & Gangawata Korale	Kandy Four Gravets Gangawata Korale	dsd	153329	115488	16811	1808	18099	711	230	6	5	0	171
LK-2133	Harispattuwa	Harispattuwa	dsd	94021	81141	1847	287	10578	124	15	2	1	0	26
LK-2134	Hatharaliyadda	Hatharaliyadda	dsd	31141	29084	532	26	1490	3	1	0	1	0	4
LK-2136	Yatinuwara	Yatinuwara	dsd	112642	101646	2490	280	8072	55	37	1	6	0	55
LK-2139	Udunuwara	Udunuwara	dsd	121018	86651	2351	701	31148	105	48	2	2	0	10
LK-2142	Doluwa	Doluwa	dsd	52784	39501	8231	2204	2749	89	4	0	0	0	6
LK-2145	Pathahewaheta	Pathahewaheta	dsd	60639	54752	3995	492	1366	26	3	0	1	0	4
LK-2148	Deltota	Delthota	dsd	31904	12774	8427	2717	7906	42	34	0	1	0	3
LK-2151	Udapalatha	Udapalatha	dsd	103181	55427	14599	8037	24667	130	224	1	1	0	95
LK-2154	Ganga Ihala Korale	Ganga Ihala Korale	dsd	59145	47963	5335	1062	4723	22	34	1	0	0	5
LK-2157	Pasbage Korale	Pasbage Korale	dsd	65553	31589	13765	9722	10110	114	123	0	1	0	129
LK-22	Matale	Matale District	district	526870	424788	42172	7716	51471	359	283	4	7	0	70
LK-2203	Galewela	Galewela	dsd	78639	66155	1233	69	11103	40	16	0	2	0	21
LK-2206	Dambulla	Dambulla	dsd	81239	77901	787	53	2470	15	3	0	1	0	9
LK-2209	Naula	Naula	dsd	30718	28540	1665	66	442	1	0	1	0	0	3
LK-2212	Pallepola	Pallepola	dsd	31629	29426	998	44	1144	7	3	1	0	0	6
LK-2215	Yatawatta	Yatawatta	dsd	32415	26880	2175	1217	2134	7	1	1	0	0	0
LK-2218	Matale	Matale	dsd	80376	49895	13585	1004	15613	140	122	0	1	0	16
LK-2221	Ambanganga Korale	Ambanganga Korale	dsd	15876	11919	3237	635	73	10	0	0	0	0	2
LK-2224	Laggala-Pallegama	- - Laggala-Pallegama	dsd	16300	16261	28	6	3	0	0	0	0	0	2
LK-2227	Wilgamuwa	Wilgamuwa	dsd	33715	33668	34	9	3	0	1	0	0	0	0
LK-2230	Rattota	Rattota	dsd	53650	38519	11192	1618	2199	49	64	1	1	0	7
LK-2233	Ukuwela	Ukuwela	dsd	72313	45624	7238	2995	16287	90	73	0	2	0	4
LK-23	Nuwara Eliya	Nuwara Eliya District	district	725280	281904	60288	362299	19245	1252	216	11	14	0	51
LK-2303	Kothmale	Kothmale West	dsd	41955	26683	4882	3271	7078	35	3	0	0	0	3
LK-2303	Kothmale	Kothmale East	dsd	61742	27787	13139	19972	782	43	15	1	1	0	2
LK-2306	Hanguranketha	Hanguranketha	dsd	58931	51540	1800	5554	23	7	0	0	3	0	4
LK-2309	Walapane	Walapane	dsd	65287	34340	5188	25172	550	22	9	1	1	0	4
LK-2312	Nuwara Eliya	Nuwara Eliya	dsd	88332	29758	17137	36677	4352	332	68	2	2	0	4
LK-2315	Ambagamuwa	Ambagamuwa	dsd	42538	32868	2348	7181	119	10	1	0	1	0	10
LK-23XX	Mathurata	Mathurata	dsd	33175	28584	2166	2365	49	1	3	0	1	0	6
LK-23XX	Nildandahinna	Nildandahinna	dsd	42422	32388	1867	7886	269	8	0	0	0	0	4
LK-23XX	Thalawakele	Thalawakele	dsd	129531	8689	5592	113494	1255	459	26	3	1	0	12
LK-23XX	Norwood	Norwood	dsd	161367	9267	6169	140727	4768	335	91	4	4	0	2
LK-31	Galle	Galle District	district	1097372	1030354	17600	2883	45672	244	85	20	26	0	488
LK-3103	Bentota	Benthota	dsd	49650	48407	109	14	1052	21	8	0	2	0	37
LK-3106	Balapitiya	Balapitiya	dsd	68150	66863	140	19	1091	9	4	4	4	0	16
LK-3109	Karandeniya	Karandeniya	dsd	63862	62810	423	24	593	3	5	0	0	0	4
LK-3112	Elpitiya	Elpitiya	dsd	66671	64918	1434	284	22	6	0	0	4	0	3
LK-3115	Niyagama	Niyagama	dsd	35751	35359	301	80	4	4	1	0	0	0	2
LK-3118	Thawalama	Thawalama	dsd	30989	29222	1599	144	19	1	3	0	1	0	0
LK-3121	Neluwa	Neluwa	dsd	27746	26094	1396	247	6	2	0	1	0	0	0
LK-3124	Nagoda	Nagoda	dsd	52031	47957	3560	502	7	4	0	0	0	0	1
LK-3127	Baddegama	Baddegama	dsd	50956	49774	1071	74	7	6	2	1	1	0	20
LK-3130	Welivitiya-Divithura	- - Welivitiya-Divithura	dsd	29356	28076	1215	54	9	1	0	0	0	0	1
LK-3133	Ambalangoda	Ambalangoda	dsd	59617	59412	122	40	18	8	3	0	1	0	13
LK-3134	Gonapeenuwala	Gonapeenuwala	dsd	23271	23162	51	8	8	10	0	1	1	0	30
LK-3136	Hikkaduwa	Hikkaduwa	dsd	26216	25926	149	17	15	17	1	1	1	0	89
LK-3139	Galle Four Gravets	Galle Four Gravets	dsd	108321	68564	699	132	38775	78	35	6	2	0	30
LK-3142	Bope-Poddala	- - Bope-Poddala	dsd	57890	55515	376	313	1636	18	2	1	1	0	28
LK-3145	Akmeemana	Akmeemana	dsd	86136	82527	1154	52	2298	13	2	0	4	0	86
LK-3148	Yakkalamulla	Yakkalamulla	dsd	46687	43902	1984	785	8	3	2	0	0	0	3
LK-3151	Imaduwa	Imaduwa	dsd	48204	48008	122	46	7	8	0	2	0	0	11
LK-3154	Habaraduwa	Habaraduwa	dsd	63302	63018	101	21	38	24	8	1	2	0	89
LK-31XX	Wanduramba	Wanduramba	dsd	27702	26253	1427	12	10	0	0	0	0	0	0
LK-31XX	Madampagama	Madampagama	dsd	33408	33335	32	7	22	2	4	0	0	0	6
LK-31XX	Rathgama	Rathgama	dsd	41456	41252	135	8	27	6	5	2	2	0	19
LK-32	Matara	Matara District	district	837889	788804	11119	8082	29430	259	44	10	5	0	136
LK-3203	Pitabeddara	Pitabeddara	dsd	48867	45951	2501	398	7	5	1	0	0	0	4
LK-3206	Kotapola	Kotapola	dsd	61002	51042	2879	6980	53	41	1	1	1	0	4
LK-3209	Pasgoda	Pasgoda	dsd	61171	58983	1878	292	7	9	2	0	0	0	0
LK-3212	Mulatiyana	Mulatiyana	dsd	51832	51505	314	4	7	1	0	0	0	0	1
LK-3215	Athuraliya	Athuraliya	dsd	32811	30115	762	80	1846	7	0	1	0	0	0
LK-3218	Akuressa	Akuressa	dsd	53638	51916	1579	120	14	3	4	1	0	0	1
LK-3221	Welipitiya	Welipitiya	dsd	55960	47583	161	60	8123	14	11	1	1	0	6
LK-3224	Malimbada	Malimbada	dsd	36128	35512	45	4	560	1	3	0	0	0	3
LK-3227	Kamburupitiya	Kamburupitiya	dsd	42816	42586	132	11	46	34	0	2	0	0	5
LK-3230	Hakmana	Hakmana	dsd	32985	31922	34	11	1010	6	1	0	0	0	1
LK-3233	Kirinda Puhulwella	Kirinda Puhulwella	dsd	20627	19961	7	4	653	2	0	0	0	0	0
LK-3236	Thihagoda	Thihagoda	dsd	34306	34214	42	13	10	3	4	0	0	0	20
LK-3239	Weligama	Weligam	dsd	76136	67229	182	36	8616	25	5	1	1	0	41
LK-3242	Matara Four Gravets	Matara Four Gravets	dsd	123868	118659	388	52	4639	90	7	2	1	0	30
LK-3245	Devinuwara	Devinuwara	dsd	49274	48394	124	6	735	7	1	1	1	0	5
LK-3248	Dickwella	Dickwella	dsd	56468	53232	91	11	3104	11	4	0	0	0	15
LK-33	Hambantota	Hambantota District	district	671418	651274	2054	121	13809	99	3931	9	8	1	112
LK-3303	Sooriyawewa	Sooriyawewa	dsd	52709	52646	43	5	8	5	0	0	0	0	2
LK-3306	Lunugamvehera	Lunugamwehera	dsd	36923	36217	61	6	587	6	44	1	0	0	1
LK-3309	Thissamaharama	Thissamaharama	dsd	74175	71848	351	19	657	13	1270	2	0	0	15
LK-3312	Hambantota	Hambantota	dsd	67207	54951	888	48	8897	34	2348	0	0	0	41
LK-3315	Ambalantota	Ambalantota	dsd	80506	78331	298	20	1589	9	254	0	0	0	5
LK-3318	Angunakolapelessa	Angunakolapelessa	dsd	53409	53363	25	5	3	1	1	2	3	1	5
LK-3321	Weeraketiya	Weeraketiya	dsd	48241	47226	44	3	966	1	1	0	0	0	0
LK-3324	Katuwana	Katuwana	dsd	52169	52119	35	2	9	0	1	1	1	0	1
LK-3325	Walasmulla	Walasmulla	dsd	47869	47783	45	5	30	0	5	1	0	0	0
LK-3327	Okewela	Okewela	dsd	19992	19958	5	1	26	1	1	0	0	0	0
LK-3330	Beliatta	Beliatta	dsd	58675	58564	90	1	7	2	3	1	3	0	4
LK-3333	Tangalle	Tangalle	dsd	79543	78268	169	6	1030	27	3	1	1	0	38
LK-41	Jaffna	Jaffna District	district	594751	3395	586491	782	3947	64	7	7	10	0	48
LK-4103	Island North (Kayts)	Island North Kayts	dsd	9931	27	9894	9	0	0	0	0	0	0	1
LK-4104	Karainagar	Karainagar	dsd	9131	17	9110	3	0	0	0	0	0	0	1
LK-4106	Valikamam West (Chankanai)	Valikamam West Chankanai	dsd	45160	56	45044	33	24	2	0	0	0	0	1
LK-4109	Valikamam South-West (Sandilipay)	Valikamam South-West Sandilipay	dsd	52121	56	51990	35	38	0	1	1	0	0	0
LK-4112	Valikamam North (Tellipallai)	Valikamam North	dsd	44914	116	44715	59	22	1	0	0	0	0	1
LK-4115	Valikamam South (Uduvil)	Valikamam South Uduvil	dsd	50540	98	50258	49	124	5	0	0	2	0	4
LK-4118	Valikamam East (Kopay)	Valikamam East Kopay	dsd	75979	88	75620	94	145	17	2	2	1	0	10
LK-4121	Vadamaradchi South-West (Karaveddy)	Vadamaradchy South-West Karaveddy	dsd	41102	72	40982	34	10	0	1	0	0	0	3
LK-4124	Vadamaradchi East	Vadamaradchy East	dsd	13537	17	13502	16	2	0	0	0	0	0	0
LK-4127	Vadamaradchi North (Point Pedro)	Vadamaradchy North Point Perdro	dsd	43369	93	43227	23	25	0	0	0	1	0	0
LK-4130	Thenmaradchi (Chavakachcheri)	Thenmaradchy Chavakachcheri	dsd	67782	241	67328	109	97	5	0	1	0	0	1
LK-4133	Nallur	Nallur	dsd	72884	1837	70328	171	525	6	2	0	0	0	15
LK-4136	Jaffna	Jaffna	dsd	48543	635	45049	120	2693	25	1	3	6	0	11
LK-4139	Island South (Velanai)	Island South Velanai	dsd	16600	38	16291	26	242	3	0	0	0	0	0
LK-4142	Delft	Delft	dsd	3158	4	3153	1	0	0	0	0	0	0	0
LK-42	Mannar	Mannar District	district	123756	678	89992	319	32752	3	5	1	1	0	5
LK-4203	Mannar Town	Mannar Town	dsd	57772	261	43057	99	14345	2	5	0	0	0	3
LK-4206	Manthai West	Manthai West	dsd	18674	37	16317	33	2285	0	0	0	1	0	1
LK-4209	Madhu	Madhu	dsd	9493	135	8149	12	1196	0	0	1	0	0	0
LK-4212	Nanattan	Nanattan	dsd	19674	124	18018	143	1388	0	0	0	0	0	1
LK-4215	Musali	Musali	dsd	18143	121	4451	32	13538	1	0	0	0	0	0
LK-43	Vavuniya	Vavuniya District	district	172312	18575	135164	1625	16632	32	4	7	1	0	272
LK-4303	Vavuniya North	Vavuniya North	dsd	14709	1190	13318	191	8	0	0	0	0	0	2
LK-4306	Vavuniya South	Vavuniya South	dsd	14842	13968	622	1	3	0	1	1	0	0	246
LK-4309	Vavuniya	Vavuniya	dsd	116991	3346	104297	1191	8093	31	3	6	0	0	24
LK-4312	Vengalacheddikulam	Vengalacheddikulam	dsd	25770	71	16927	242	8528	1	0	0	1	0	0
LK-44	Mullaitivu	Mullaitivu District	district	122619	11190	108082	223	3102	12	3	1	0	0	6
LK-4403	Thunukkai	Thunukkai	dsd	10410	50	10318	12	28	0	0	0	0	0	2
LK-4406	Manthai East	Manthai East	dsd	7650	46	7534	59	11	0	0	0	0	0	0
LK-4409	Puthukkudiyiruppu	Puthukudiyiruppu	dsd	39532	83	39340	60	40	7	1	1	0	0	0
LK-4412	Oddusuddan	Oddusudan	dsd	18149	270	17815	10	50	0	0	0	0	0	4
LK-4415	Maritimepattu	Maritimepattu	dsd	36813	762	33006	75	2966	4	0	0	0	0	0
LK-4418	Welioya	Welioya	dsd	10065	9979	69	7	7	1	2	0	0	0	0
LK-45	Kilinochchi	Kilinochchi District	district	136710	1704	133023	685	1273	21	0	1	1	2	2
LK-4503	Pachchilaipalli	Pachchilaipalli	dsd	13045	23	12681	318	10	13	0	0	0	0	0
LK-4506	Kandavalai	Kandavalai	dsd	24921	36	24776	96	11	1	0	1	0	0	0
LK-4509	Karachchi	Karachchi	dsd	74631	1583	72449	231	358	7	0	0	1	0	2
LK-4512	Poonakary	Poonakary	dsd	24113	62	23117	40	894	0	0	0	0	0	0
LK-51	Batticaloa	Batticaloa District	district	595918	6855	424710	992	160284	2899	17	6	9	74	72
LK-5103	Koralai Pattu North (Vaharai)	Koralai Pattu North Vaharai	dsd	25475	203	24545	9	674	13	0	0	0	31	0
LK-5104	Koralai Pattu Central	Koralai Pattu Central	dsd	30603	77	618	22	29819	65	0	1	0	0	1
LK-5106	Koralai Pattu  West (Oddamavadi)	Koralai Pattu West Oddamavadi	dsd	24583	27	73	20	24458	2	0	0	0	0	3
LK-5109	Koralai Pattu (Valachchenai)	Koralai Pattu Valachchenai	dsd	28762	689	27792	35	85	160	0	0	0	0	1
LK-5110	Koralai Pattu South (Kiran)	Koralai Pattu South Kiran	dsd	28302	95	27967	48	188	4	0	0	0	0	0
LK-5112	Eravur Pattu	Eravur Pattu	dsd	94237	2828	71100	277	19883	91	6	1	0	1	50
LK-5115	Eravur Town	Eravur Town	dsd	26468	52	3236	21	23087	70	1	0	0	0	1
LK-5118	Manmunai North	Manmunai North	dsd	95107	816	85267	287	6320	2399	6	1	2	1	8
LK-5121	Manmunai West	Manmunai West	dsd	32831	63	32680	26	17	6	0	0	0	38	1
LK-5124	Kattankudy	Kattankudy	dsd	44794	44	17	26	44692	5	3	2	0	1	4
LK-5127	Manmunai Pattu (Araipattai)	Manmunai Pattu Araipattai	dsd	36533	126	25229	125	11046	7	0	0	0	0	0
LK-5130	Manmunai South-West	Manmunai South-West	dsd	26676	1371	25298	2	1	3	0	0	0	0	1
LK-5133	Porativu Pattu	Poratheevu Pattu	dsd	38627	272	38284	49	1	18	1	1	0	0	1
LK-5136	Manmunai South & Eruvil pattu	Manmunai South Eruvil Pattu	dsd	62920	192	62604	45	13	56	0	0	7	2	1
LK-52	Ampara	Ampara District	district	744551	276583	125751	664	339290	1168	136	17	13	840	89
LK-5203	Dehiattakandiya	Dehiattakandiya	dsd	67274	66325	107	12	86	0	2	0	0	741	1
LK-5206	Padiyathalawa	Padiyathalawa	dsd	20834	20731	44	4	49	0	0	0	1	2	3
LK-5209	Mahaoya	Mahaoya	dsd	23715	23572	28	3	15	3	3	2	0	89	0
LK-5212	Uhana	Uhana	dsd	62216	62130	57	0	14	9	2	1	1	1	1
LK-5215	Ampara	Ampara	dsd	47868	47324	203	18	175	35	104	4	1	0	4
LK-5216	Navithanveli	Navithanveli	dsd	21856	105	13784	23	7942	0	0	0	0	0	2
LK-5218	Samanthurai	Samanthurai	dsd	72794	574	8878	63	63040	228	8	1	0	2	0
LK-5221	Kalmunai Tamil Division	Kalmunai North Sub	dsd	31556	181	27483	73	3317	502	0	0	0	0	0
LK-5224	Kalmunai	Kalmunai	dsd	52798	70	99	55	52542	19	2	3	1	4	3
LK-5225	Sainthamaruthu	Sainthamarathu	dsd	29873	22	14	20	29811	4	0	0	0	0	2
LK-5227	Karaitheevu	Karaitheevu	dsd	19493	31	11090	1	8281	88	0	0	1	0	1
LK-5230	Ninthavur	Ninthavur	dsd	30671	44	989	47	29586	3	0	1	0	0	1
LK-5233	Addalachchenai	Addalachchenai	dsd	53214	3464	720	150	48854	13	7	2	1	1	2
LK-5234	Irakkamam	Irakkamam	dsd	17671	984	399	21	16255	4	1	2	0	0	5
LK-5236	Akkaraipattu	Akkaraipattu	dsd	44979	97	163	46	44662	6	0	0	3	0	2
LK-5239	Alayadiwembu	Alayadiwembu	dsd	24838	227	24252	63	52	182	0	1	3	0	58
LK-5242	Damana	Damana	dsd	40325	40108	32	6	167	4	6	0	1	0	1
LK-5245	Thirukkovil	Thirukkovil	dsd	29252	74	29141	31	2	3	1	0	0	0	0
LK-5248	Pothuvil	Pothuvil	dsd	42908	788	7584	28	34440	65	0	0	0	0	3
LK-5251	Lahugala	Lahugala	dsd	10416	9732	684	0	0	0	0	0	0	0	0
LK-53	Trincomalee	Trincomalee District	district	442745	108676	128088	765	203987	861	311	6	7	1	43
LK-5303	Padavi Sri Pura	Padavisripura	dsd	12081	12064	11	0	6	0	0	0	0	0	0
LK-5306	Kuchchaveli	Kuchchaveli	dsd	39873	1850	11919	151	25901	49	3	0	0	0	0
LK-5309	Gomarankadawala	Gomarankadawala	dsd	8398	8349	43	3	1	0	0	0	0	0	2
LK-5312	Morawewa	Morawewa	dsd	9193	6413	1215	11	1548	4	1	1	0	0	0
LK-5315	Trincomalee Town and Gravets	Trincomalee Town and Gravets	dsd	100270	21953	62086	381	14973	557	286	0	0	1	33
LK-5318	Thambalagamuwa	Thambalagamuwa	dsd	33636	7501	5875	30	20221	5	2	0	1	0	1
LK-5321	Kanthale	Kanthale	dsd	50840	40178	1566	26	8985	66	18	0	1	0	0
LK-5324	Kinniya	Kinniya	dsd	86504	123	2535	92	83734	13	1	3	0	0	3
LK-5327	Muttur	Muttur	dsd	71881	349	25923	59	45375	167	0	1	4	0	3
LK-5330	Seruvila	Seruvila	dsd	16007	9831	2940	2	3232	0	0	0	1	0	1
LK-5333	Verugal (Eachchilampattu)	Verugal Eachchilampattu	dsd	14062	65	13975	10	11	0	0	1	0	0	0
LK-61	Kurunegala	Kurunegala District	district	1768156	1601899	21775	1788	140888	478	796	29	27	5	471
LK-6103	Giribawa	Giribawa	dsd	34929	31868	38	11	3005	2	1	0	0	0	4
LK-6106	Galgamuwa	Galgamuwa	dsd	61759	56780	604	10	4149	5	1	0	0	0	210
LK-6109	Ehetuwewa	Ehetuwewa	dsd	28317	27460	68	4	770	3	6	2	0	1	3
LK-6112	Ambanpola	Ambanpola	dsd	25515	25075	39	8	387	4	1	0	1	0	0
LK-6115	Kotavehera	Kotavehera	dsd	24031	23885	35	5	104	2	0	0	0	0	0
LK-6118	Rasnayakapura	Rasnayakapura	dsd	24912	19974	57	9	4858	10	0	1	1	0	2
LK-6121	Nikaweratiya	Nikaweratiya	dsd	43402	41492	367	20	1512	8	1	1	0	0	1
LK-6124	Maho	Maho	dsd	64122	60038	322	23	3636	13	84	1	0	1	4
LK-6127	Polpithigama	Polpithigama	dsd	86411	86173	163	15	27	4	3	1	2	0	23
LK-6130	Ibbagamuwa	Ibbagamuwa	dsd	94167	84934	1090	44	8058	25	6	1	0	0	9
LK-6133	Ganewatta	Ganewatta	dsd	43431	40857	123	14	2429	2	5	0	1	0	0
LK-6136	Wariyapola	Wariyapola	dsd	66488	65178	262	23	995	15	5	1	1	0	8
LK-6139	Kobeigane	Kobeigane	dsd	40669	35249	96	21	5296	5	0	0	1	0	1
LK-6142	Bingiriya	Bingiriya	dsd	66724	63853	476	96	2284	5	3	4	2	0	1
LK-6145	Panduwasnuwara West	Panduwasnuwara West	dsd	71186	60286	781	86	10007	19	3	0	2	0	2
LK-6148	Panduwasnuwara East	Panduwasnuwara East	dsd	31790	30883	59	5	834	4	1	0	1	3	0
LK-6149	Bamunakotuwa	Bamunakotuwa	dsd	39442	38322	145	35	915	22	3	0	0	0	0
LK-6151	Maspotha	Maspotha	dsd	41873	39742	692	24	1344	37	26	1	2	0	5
LK-6154	Kurunegala	Kurunegala	dsd	88999	75269	3137	122	10021	74	324	4	8	0	40
LK-6157	Mallawapitiya	Mallawapitiya	dsd	59491	48120	1203	175	9857	32	95	0	0	0	9
LK-6160	Mawathagama	Mawathagama	dsd	70867	58509	3066	488	8738	37	25	1	0	0	3
LK-6163	Rideegama	Rideegama	dsd	95960	80576	3037	40	12292	6	1	2	0	0	6
LK-6166	Weerambugedara	Weerambugedara	dsd	36590	36332	154	17	50	9	21	1	0	0	6
LK-6169	Kuliyapitiya East	Kuliyapitiya East	dsd	61223	39908	365	44	20880	14	9	1	0	0	2
LK-6172	Kuliyapitiya West	Kuliyapitiya West	dsd	82587	78987	1003	100	2396	12	75	0	1	0	13
LK-6175	Udubaddawa	Udubaddawa	dsd	54466	47460	642	81	6261	8	2	2	1	0	9
LK-6178	Pannala	Pannala	dsd	135845	124730	1576	104	9290	36	26	1	2	0	80
LK-6181	Narammala	Narammala	dsd	59806	55535	349	43	3817	35	12	4	1	0	10
LK-6184	Alawwa	Alawwa	dsd	65689	65444	135	67	19	10	2	0	0	0	12
LK-6187	Polgahawela	Polgahawela	dsd	67465	58980	1691	54	6657	20	55	0	0	0	8
LK-62	Puttalam	Puttalam District	district	818816	591753	48544	1229	174497	1726	558	46	9	0	454
LK-6203	Kalpitiya	Kalpitiya	dsd	96995	30810	12616	178	52367	930	53	8	4	0	29
LK-6206	Vanathawilluwa	Vanathawilluwa	dsd	19991	11137	1318	26	7257	249	4	0	0	0	0
LK-6209	Karuwalagaswewa	Karuwalagaswewa	dsd	26225	25977	138	11	7	51	1	0	0	0	40
LK-6212	Nawagattegama	Nawagattegama	dsd	17571	17504	53	8	6	0	0	0	0	0	0
LK-6215	Puttalam	Puttalam	dsd	94777	24710	7084	161	62040	131	355	1	1	0	294
LK-6218	Mundel	Mundel	dsd	72570	30112	12054	149	30137	112	2	1	0	0	3
LK-6221	Mahakumbukkadawala	Mahakumbukkadawala	dsd	21867	21120	710	7	26	2	0	0	0	0	2
LK-6224	Anamaduwa	Anamaduwa	dsd	43526	42440	256	3	824	3	0	0	0	0	0
LK-6227	Pallama	Pallama	dsd	27938	22387	360	12	5169	5	3	1	0	0	1
LK-6230	Arachchikattuwa	Arachchikattuwa	dsd	42749	40553	1996	16	149	25	2	1	1	0	6
LK-6233	Chilaw	Chilaw	dsd	63639	53245	4921	79	5256	35	86	9	1	0	7
LK-6236	Madampe	Madampe	dsd	48994	44683	1235	175	2870	13	15	1	0	0	2
LK-6239	Mahawewa	Mahawewa	dsd	48833	47874	845	57	37	6	6	0	0	0	8
LK-6242	Nattandiya	Nattandiya	dsd	65500	55606	1814	100	7851	84	21	5	1	0	18
LK-6245	Wennappuwa	Wennappuwa	dsd	64768	62755	1656	181	83	47	8	6	0	0	32
LK-6248	Dankotuwa	Dankotuwa	dsd	62873	60840	1488	66	418	33	2	13	1	0	12
LK-71	Anuradhapura	Anuradhapura District	district	960080	870049	5063	412	83283	174	101	10	11	0	977
LK-7103	Padaviya	Padaviya	dsd	24493	24458	15	1	17	0	1	1	0	0	0
LK-7106	Kebithigollewa	Kebithigollewa	dsd	26432	23758	30	5	2633	3	0	1	1	0	1
LK-7109	Medawachchiya	Medawachchiya	dsd	52496	48765	213	15	3486	4	4	0	2	0	7
LK-7112	Mahawilachchiya	Mahawilachchiya	dsd	24194	24132	38	7	14	2	1	0	0	0	0
LK-7115	Nuwaragam Palatha Central	Nuwaragam Palatha Central	dsd	71529	64051	1047	102	6281	29	5	0	1	0	13
LK-7118	Rambewa	Rambewa	dsd	39861	34559	62	11	5216	4	5	1	2	0	1
LK-7121	Kahatagasdigiliya	Kahatagasdigiliya	dsd	44903	34262	195	21	10418	3	0	1	0	0	3
LK-7124	Horowpothana	Horowpothana	dsd	41261	29009	116	19	12114	0	2	0	0	0	1
LK-7127	Galenbindunuwewa	Galenbindunuwewa	dsd	51952	50079	73	7	1785	1	1	0	1	0	5
LK-7130	Mihinthale	Mihinthale	dsd	44107	41335	401	30	2260	17	58	0	0	0	6
LK-7133	Nuwaragam Palatha East	Nuwaragam Palatha East	dsd	76138	72698	313	17	3037	51	9	0	0	0	13
LK-7136	Nachchaduwa	Nachchaduwa	dsd	28266	24637	28	8	3589	0	3	0	0	0	1
LK-7139	Nochchiyagama	Nochchiyagama	dsd	55471	52819	243	18	2383	5	0	1	0	0	2
LK-7142	Rajanganaya	Rajanganaya	dsd	36236	36195	29	1	6	1	1	0	0	0	3
LK-7145	Thambuttegama	Thambuttegama	dsd	47061	46361	44	6	7	5	3	0	2	0	633
LK-7148	Thalawa	Thalawa	dsd	61216	60464	142	7	589	9	1	2	0	0	2
LK-7151	Thirappane	Thirappane	dsd	31121	28942	102	2	2071	1	0	0	1	0	2
LK-7154	Kekirawa	Kekirawa	dsd	65317	51070	1441	66	12706	30	1	1	0	0	2
LK-7157	Palugaswewa	Palugaswewa	dsd	18138	17827	188	7	13	6	0	0	1	0	96
LK-7160	Ipalogama	Ipalogama	dsd	41961	35444	120	41	6172	2	4	1	0	0	177
LK-7163	Galnewa	Galnewa	dsd	39458	36640	110	4	2700	1	2	0	0	0	1
LK-7166	Palagala	Palagala	dsd	38469	32544	113	17	5786	0	0	1	0	0	8
LK-72	Polonnaruwa	Polonnaruwa District	district	447530	402785	7394	94	36864	55	25	8	0	228	77
LK-7203	Hingurakgoda	Hingurakgoda	dsd	70651	69833	183	13	592	15	6	2	0	1	6
LK-7206	Medirigiriya	Medirigiriya	dsd	72482	70936	45	3	1486	8	3	0	0	1	0
LK-7209	Lankapura	Lankapura	dsd	39673	27079	31	16	12544	3	0	0	0	0	0
LK-7210	Welikanda	Welikanda	dsd	38196	28234	3312	6	6639	1	0	0	0	2	2
LK-7212	Dimbulagala	Dimbulagala	dsd	85907	82969	2669	10	34	1	0	1	0	222	1
LK-7215	Thamankaduwa	Thamankaduwa	dsd	92056	75353	1046	41	15561	25	16	4	0	2	8
LK-7218	Elahera	Elahera	dsd	48565	48381	108	5	8	2	0	1	0	0	60
LK-81	Badulla	Badulla District	district	872307	640625	81854	95686	52188	890	715	9	16	187	137
LK-8103	Mahiyanganaya	Mahiyanganaya	dsd	89082	86448	97	18	2336	6	5	1	1	169	1
LK-8106	Rideemaliyadda	Rideemaliyadda	dsd	60882	60675	135	38	25	0	1	0	1	6	1
LK-8109	Meegahakivula	Meegahakivula	dsd	22683	20859	251	1558	8	1	0	0	0	0	6
LK-8112	Kandaketiya	Kandaketiya	dsd	26913	25477	351	482	602	0	0	0	0	1	0
LK-8115	Soranathota	Soranathota	dsd	24407	19749	578	3809	251	8	5	1	1	1	4
LK-8118	Passara	Passara	dsd	49636	27268	6860	12776	2581	93	50	1	0	0	7
LK-8119	Lunugala	Lunugala	dsd	31881	12890	8567	9235	1147	22	15	0	0	2	3
LK-8121	Badulla	Badulla	dsd	83033	57434	5674	10991	8423	163	318	3	1	2	24
LK-8124	Hali-Ela	- Hali-Ela	dsd	94226	60374	17762	11424	4348	172	113	0	4	1	28
LK-8127	Uva Paranagama	Uva Paranagama	dsd	82069	69488	5860	4099	2481	132	5	0	2	0	2
LK-8130	Welimada	Welimada	dsd	105510	73138	8595	4092	19559	91	25	0	2	3	5
LK-8133	Bandarawela	Bandarawela	dsd	65488	47873	4867	8879	3626	121	104	0	1	1	16
LK-8136	Ella	Ella	dsd	49439	32465	7884	6785	2241	16	34	2	0	0	12
LK-8139	Haputale	Haputale	dsd	48280	24897	7675	11527	4081	43	38	0	3	0	16
LK-8142	Haldummulla	Haldummulla	dsd	38778	21590	6698	9973	479	22	2	1	0	1	12
LK-82	Moneragala	Moneragala District	district	527585	499366	14765	1249	12085	61	17	10	8	6	18
LK-8203	Bibile	Bibile	dsd	47266	44947	1069	23	1214	6	3	1	2	0	1
LK-8206	Madulla	Madulla	dsd	36446	36395	29	2	6	7	3	0	0	3	1
LK-8209	Medagama	Medagama	dsd	44614	37759	71	8	6769	2	0	1	3	0	1
LK-8212	Siyambalanduwa	Siyambalanduwa	dsd	63055	62902	76	30	44	2	0	0	0	1	0
LK-8215	Moneragala	Moneragala	dsd	56951	48766	7252	637	279	15	1	0	0	1	0
LK-8218	Badalkumbura	Badalkumbura	dsd	46595	39646	4292	476	2171	8	1	0	1	0	0
LK-8221	Wellawaya	Wellawaya	dsd	73280	71443	671	39	1116	1	3	2	1	1	3
LK-8224	Buttala	Buttala	dsd	60606	59686	471	8	426	9	1	1	1	0	3
LK-8227	Katharagama	Katharagama	dsd	18158	17345	744	18	45	1	3	0	0	0	2
LK-8230	Thanamalvila	Thanamalvila	dsd	31238	31159	52	7	7	8	0	2	0	0	3
LK-8233	Sevanagala	Sevanagala	dsd	49376	49318	38	1	8	2	2	3	0	0	4
LK-91	Ratnapura	Ratnapura District	district	1145423	1003515	91300	23991	25870	481	65	14	17	0	170
LK-9103	Eheliyagoda	Eheliyagoda	dsd	74071	66476	2496	1150	3881	39	14	2	2	0	11
LK-9106	Kuruvita	Kuruvita	dsd	97966	89932	5546	314	2089	55	10	0	3	0	17
LK-9109	Kiriella	Kiriella	dsd	33631	32533	353	731	12	1	0	0	0	0	1
LK-9112	Ratnapura	Ratnapura	dsd	121166	94950	16641	2396	7060	82	22	1	1	0	13
LK-9115	Imbulpe	Imbulpe	dsd	64555	55738	6296	2414	81	9	5	1	2	0	9
LK-9118	Balangoda	Balangoda	dsd	74893	55738	10053	2290	6699	107	0	1	2	0	3
LK-9121	Opanayake	Opanayake	dsd	27244	25144	1847	12	233	8	0	0	0	0	0
LK-9124	Pelmadulla	Pelmadulla	dsd	93818	80549	9435	3138	634	17	1	2	1	0	41
LK-9127	Elapatha	Elapatha	dsd	38429	36543	1364	462	46	13	0	0	0	0	1
LK-9130	Ayagama	Ayagama	dsd	29944	26188	2513	1227	11	0	2	0	1	0	2
LK-9133	Kalawana	Kalawana	dsd	50753	44601	4031	2083	22	5	0	0	0	0	11
LK-9136	Nivithigala	Nivithigala	dsd	59442	49350	8617	937	511	18	6	0	2	0	1
LK-9139	Kahawatta	Kahawatta	dsd	43708	33410	5716	3017	1515	13	2	0	1	0	34
LK-9142	Godakawela	Godakawela	dsd	78541	60788	11665	3309	2697	75	1	3	0	0	3
LK-9145	Weligepola	Weligepola	dsd	34168	33778	127	228	22	6	0	0	0	0	7
LK-9148	Embilipitiya	Embilipitiya	dsd	160008	159732	184	7	38	25	2	2	2	0	16
LK-9151	Kolonna	Kolonna	dsd	50068	45389	4390	275	8	5	0	1	0	0	0
LK-91XX	Kalthota	Kalthota	dsd	13018	12676	26	1	311	3	0	1	0	0	0
LK-92	Kegalle	Kegalle District	district	870476	736387	40484	21244	71794	179	117	9	7	5	250
LK-9203	Rambukkana	Rambukkana	dsd	87055	82564	976	44	3426	11	9	2	1	0	22
LK-9206	Mawanella	Mawanella	dsd	126026	82921	1280	178	41574	36	23	2	1	0	11
LK-9209	Aranayaka	Aranayaka	dsd	69075	62092	1397	96	5474	10	4	0	1	0	1
LK-9212	Kegalle	Kegalle	dsd	94314	90458	2370	169	1224	29	53	1	0	0	10
LK-9215	Galigamuwa	Galigamuwa	dsd	73778	69747	2642	223	1150	8	3	2	0	0	3
LK-9218	Warakapola	Warakapola	dsd	117967	106360	3728	156	7660	27	15	0	1	2	18
LK-9221	Ruwanwella	Ruwanwella	dsd	65797	56545	3366	1461	4254	5	0	1	2	0	163
LK-9224	Bulathkohupitiya	Bulathkohupitiya	dsd	45237	37426	4183	3541	80	5	0	0	0	1	1
LK-9227	Yatiyanthota	Yatiyanthota	dsd	62255	45611	6336	7217	3059	11	9	1	0	0	11
LK-9230	Dehiovita	Dehiovita	dsd	84967	68007	7583	5506	3856	5	1	0	1	2	6
LK-9233	Deraniyagala	Deraniyagala	dsd	44005	34656	6623	2653	37	32	0	0	0	0	4
